"Date","Market","Risk_Free","SMB","HML"
2022-01-03,0.0109637845794786,0.0000793650793650794,0.010334087591471,-0.000781224320939024
2022-01-04,0.00165338879376963,0.0000793650793650794,0.00384933171542688,0.000919189646863352
2022-01-05,0.0027716178961339,0.0000793650793650794,0.0100099897275338,-0.000378615032147395
2022-01-06,0.00384159930803417,0.0000793650793650794,0.00635810454363883,0.00684079816194066
2022-01-07,0.00777426284774087,0.0000793650793650794,0.00166760122925149,-0.00134299600368472
2022-01-10,-0.00279753136737611,0.0000793650793650794,0.00127036338045264,-0.00350129929734137
2022-01-11,0.0140103233613071,0.0000793650793650794,0.00965457136063959,-0.00453021796685392
2022-01-12,-0.00447222795110446,0.0000793650793650794,-0.00506464933706,-0.00226408253092676
2022-01-13,0.013634711392656,0.0000793650793650794,0.000322222201966038,-0.00389753761251489
2022-01-14,-0.00492799551983425,0.0000793650793650794,0.000961869456789275,0.00378032936338506
2022-01-17,0.0157749300525325,0.0000793650793650794,-0.0117001223130236,0.000990964421200085
2022-01-18,0.0225705228792142,0.0000793650793650794,-0.00175882950516121,-0.000418698481729826
2022-01-19,-0.00458302920365875,0.0000793650793650794,0.00173295469341196,0.000111046719614853
2022-01-20,-0.00228900233040813,0.0000793650793650794,-0.0141447052935322,-0.00362910592936218
2022-01-21,0.00501535907412731,0.0000793650793650794,0.00183936351792262,0.00940373500810318
2022-01-24,0.0130137384269022,0.0000793650793650794,-0.00142742033059218,0.00323507889792418
2022-01-25,-0.00474699019921184,0.0000793650793650794,0.00221366630226474,0.00313656167538681
2022-01-26,-0.0215465249133583,0.0000793650793650794,0.0035883556502293,0.00068094596318133
2022-01-27,-0.0223320671169379,0.0000793650793650794,0.00711947543163046,0.000636790606123073
2022-01-28,0.015579677813097,0.0000793650793650794,-0.00842695578068667,0.00271207240165348
2022-01-31,-0.00807470720985761,0.0000793650793650794,0.000208646581160374,0.0017374879983386
2022-02-01,-0.0164976916174418,0.0000793650793650794,-0.00316471915175157,0.00312221772092305
2022-02-02,0.00229055940154846,0.0000793650793650794,0.000150496232159296,-0.0017782710338174
2022-02-03,0.0137482666205841,0.0000793650793650794,-0.000645717880326937,0.00508606564738201
2022-02-04,0.0151566798971704,0.0000793650793650794,-0.00587949642866336,-0.00589356890999507
2022-02-07,-0.00439981642446417,0.0000793650793650794,-0.00903409690099496,0.00730404189257396
2022-02-08,-0.00543649725132875,0.0000793650793650794,0.0106015686225039,-0.000328642176872875
2022-02-09,-0.0163511975979952,0.0000793650793650794,-0.00662202841680587,0.000828264628682897
2022-02-10,0.00992501486882607,0.0000793650793650794,0.00137510796633083,-0.000232635982970263
2022-02-11,-0.0059139171587018,0.0000793650793650794,-0.00554431591633102,-0.00337220803781682
2022-02-14,-0.00282093376811089,0.0000793650793650794,0.00753870252469069,-0.00186594911815607
2022-02-15,0.00199520460871667,0.0000793650793650794,-0.00883649389832223,0.00606579611637997
2022-02-16,0.00399441385807402,0.0000793650793650794,-0.00444296136924325,0.00829584557851823
2022-02-17,-0.00828197907191136,0.0000793650793650794,-0.00609525693307991,-0.00422698705970857
2022-02-18,0.00119915020029897,0.0000793650793650794,0.000251406831384948,0.00142099517957341
2022-02-21,-0.023564019192225,0.0000793650793650794,-0.00245406475768323,-0.00215050670526101
2022-02-22,-0.00502819508751281,0.0000793650793650794,0.0119252997923315,0.000361265463433439
2022-02-23,-0.00374035642823209,0.0000793650793650794,-0.0000219406348539106,0.00139415313841035
2022-02-24,-0.016445406964239,0.0000793650793650794,0.00665845177730638,-0.00207007598039938
2022-02-25,-0.00271119424264517,0.0000793650793650794,0.00410404334563327,0.00114920520966107
2022-02-28,0.000464789307574104,0.0000793650793650794,0.00342839515262611,0.00667229998738333
2022-03-01,-0.00194856253217177,0.0000793650793650794,0.00257940473938019,-0.00432374689834588
2022-03-02,0.0103987887406207,0.0000793650793650794,0.00136900923595217,-0.00159140441848949
2022-03-03,-0.00300027565234172,0.0000793650793650794,-0.00356667954617071,0.00118883526577362
2022-03-04,-0.0131063289131216,0.0000793650793650794,-0.00171522072545296,0.00149371623706576
2022-03-07,0.00908744490945862,0.0000793650793650794,0.00234489766289461,0.000270337926172074
2022-03-08,-0.00273415842452323,0.0000793650793650794,-0.0123791625801684,0.00138653612197878
2022-03-09,0.0167405038195207,0.0000793650793650794,-0.00927720644236497,-0.000658285491202345
2022-03-10,-0.00693896582527647,0.0000793650793650794,-0.0021025395894669,0.000759931226343083
2022-03-11,0.0133769422352658,0.0000793650793650794,-0.00933018783607089,-0.000274794540555731
2022-03-14,0.00206902834104907,0.0000793650793650794,0.000567523503696009,0.00366580083077706
2022-03-15,-0.000537936657943574,0.0000793650793650794,0.00235009338561766,0.00284219845904848
2022-03-16,0.0114974860618325,0.0000793650793650794,0.00442297080066616,-0.0000763587445032171
2022-03-17,0.00463248855573058,0.0000793650793650794,0.00556804996465088,0.00525250749231242
2022-03-18,-0.00298818776469606,0.0000793650793650794,0.00283425214660809,0.000681544623218025
2022-03-21,-0.00208182141794584,0.0000793650793650794,0.00273011421305643,0.00231526642213515
2022-03-22,-0.00430678173784125,0.0000793650793650794,0.0011992130261458,0.00091161949999066
2022-03-23,0.00143014154903972,0.0000793650793650794,0.000170676719115419,-0.00244983946238927
2022-03-24,-0.0241068892389938,0.0000793650793650794,-0.00404045609650093,0.0029361205321225
2022-03-25,-0.00284878966312099,0.0000793650793650794,0.0111381616161396,-0.00740200745012461
2022-03-28,-0.00316323877604863,0.0000793650793650794,-0.00396262064356727,-0.00387417935908226
2022-03-29,0.00152007455613699,0.0000793650793650794,0.00848640266175961,0.00251050587620116
2022-03-30,0.0138895087635829,0.0000793650793650794,0.00469462403645237,0.00496111051752577
2022-03-31,0.0143697414334475,0.0000793650793650794,0.0101764747914402,-0.0060276122285212
2022-04-01,-0.00951129289122618,0.0000793650793650794,0.00365813193264151,0.00473038757485155
2022-04-04,0.0136450529788683,0.0000793650793650794,-0.00209923670297687,-0.00533675423745134
2022-04-05,0.00301921786278175,0.0000793650793650794,-0.0015487175342555,-0.00238528117606285
2022-04-06,0.0111269412261229,0.0000793650793650794,-0.00680338237233157,-0.00531796866014552
2022-04-07,0.00295719695310963,0.0000793650793650794,0.00518857155192289,-0.000728453674468859
2022-04-08,-0.00183934285829692,0.0000793650793650794,0.000231089136418683,0.000196554178549311
2022-04-11,-0.0186065471415109,0.0000793650793650794,-0.000288866776383784,0.00164830572645365
2022-04-12,-0.00387250644298996,0.0000793650793650794,0.000383695353498505,-0.0016894141855404
2022-04-13,0.00902712947522185,0.0000793650793650794,-0.00316820582053129,-0.0000786146389378667
2022-04-14,-0.00716328698162023,0.0000793650793650794,-0.00211706731064492,0.00121206570133535
2022-04-15,-0.00455757157522941,0.0000793650793650794,0.00388345503521758,-0.00388968937382035
2022-04-18,0.00345938586080688,0.0000793650793650794,0.00655453618232803,-0.00280462021446635
2022-04-19,0.00575322803872293,0.0000793650793650794,0.000291506531338168,0.00551372760242837
2022-04-20,0.00237896318039334,0.0000793650793650794,0.00122699178629721,-0.011812549254335
2022-04-21,-0.00924110257650414,0.0000793650793650794,0.00116162359188557,0.00382334625207763
2022-04-22,-0.0170487257183273,0.0000793650793650794,0.000943879498627324,0.00424013693968209
2022-04-25,0.00752262891925446,0.0000793650793650794,-0.0012090794399276,0.00540384226399425
2022-04-26,0.00252994211805652,0.0000793650793650794,0.00286068158562214,-0.00160622296471464
2022-04-27,-0.00615874805390365,0.0000793650793650794,0.00352895898843676,0.00335994792074931
2022-04-28,-0.00193652210612045,0.0000793650793650794,0.00102449801997016,0.000861757030913735
2022-04-29,-0.0131758116698956,0.0000793650793650794,0.00276051690055826,-0.00255190880783298
2022-05-02,0.00331697968533472,0.0000793650793650794,-0.00284435655178889,0.00221139192820276
2022-05-03,-0.000936767522686034,0.0000793650793650794,0.000963588777994412,0.00148140329996301
2022-05-04,-0.00118768199734278,0.0000793650793650794,0.00310673610805488,-0.00155609507012862
2022-05-05,0.0124394643716075,0.0000793650793650794,-0.000536078058162701,-0.00184037139452498
2022-05-06,0.00723086597717526,0.0000793650793650794,-0.000620379597790384,-0.00106354477354908
2022-05-09,0.0118339084689037,0.0000793650793650794,-0.00232510923427312,0.00200576545328628
2022-05-10,0.00820066644462279,0.0000793650793650794,0.00286703881243469,-0.000209411307958457
2022-05-11,0.00219673980541621,0.0000793650793650794,0.00127468040858964,-0.00540868537387709
2022-05-12,0.00761398608858182,0.0000793650793650794,0.0133607210060196,0.00123431412042285
2022-05-13,-0.0109010360614768,0.0000793650793650794,-0.00067247508831062,-0.00146798561525461
2022-05-16,-0.00871246401166471,0.0000793650793650794,0.000557870309129529,0.00304326102611313
2022-05-17,-0.00737973210961669,0.0000793650793650794,-0.00505001343642467,-0.00483511316591124
2022-05-18,-0.010746446104031,0.0000793650793650794,0.00443939900658024,-0.00763422692809512
2022-05-19,-0.000434266514395588,0.0000793650793650794,-0.00153608779569491,-0.00199099754409948
2022-05-20,0.00125375563826983,0.0000793650793650794,0.000665824963181882,-0.00254817804252139
2022-05-23,0.0144037081008804,0.0000793650793650794,0.00472663184840201,0.00270492772812196
2022-05-24,0.0116488881276939,0.0000793650793650794,0.0076284336492452,-0.00747764412103199
2022-05-25,-0.011876473451791,0.0000793650793650794,-0.00123725284097072,-0.00427420994502342
2022-05-26,0.0166492462937844,0.0000793650793650794,-0.00178301850552155,-0.000504021663737424
2022-05-27,-0.0028950591219814,0.0000793650793650794,0.00103984203784976,-0.00294513767371466
2022-05-30,0.00425395816299397,0.0000793650793650794,0.00604626673722724,-0.000764967236737954
2022-05-31,-0.00133143039552189,0.0000793650793650794,0.000582794435371032,-0.00479320105353881
2022-06-01,-0.00451719456745583,0.0000793650793650794,0.000960330967204643,-0.00329701847402431
2022-06-02,0.00493525623721381,0.0000793650793650794,0.00393308054746222,-0.00367813068469827
2022-06-03,-0.00217609882300967,0.0000793650793650794,0.00369920344855443,-0.00697547337488761
2022-06-06,0.0041737759417862,0.0000793650793650794,0.0054334601572417,0.00153214969704707
2022-06-07,0.0100080530178222,0.0000793650793650794,-0.00976403649847431,-0.00216427769304938
2022-06-08,-0.0088371129746954,0.0000793650793650794,-0.0059121341326227,-0.00222376439133938
2022-06-09,0.0035519203305873,0.0000793650793650794,-0.00590339238959514,0.00443583412511006
2022-06-10,-0.0116319204559349,0.0000793650793650794,0.00188490550938033,0.00267097437934706
2022-06-13,-0.00478433756322311,0.0000793650793650794,-0.00678395520341633,-0.00277471614544793
2022-06-14,-0.00750418867307117,0.0000793650793650794,-0.00114304135837825,0.00351997121884793
2022-06-15,0.0208626978141453,0.0000793650793650794,0.00211628282452341,-0.00151589342875408
2022-06-16,-0.0150025743712364,0.0000793650793650794,0.0097045412983231,-0.00172499453041484
2022-06-17,0.00390471724063359,0.0000793650793650794,-0.00120509674033669,0.000665778798728065
2022-06-20,-0.0185888061542211,0.0000793650793650794,-0.00010485285965246,0.00056207841866717
2022-06-21,-0.0131220763175956,0.0000793650793650794,0.00117823528148492,-0.000430185090620212
2022-06-22,0.00364517046123025,0.0000793650793650794,-0.00297672407806763,-0.00100795043724608
2022-06-23,-0.00504731334916791,0.0000793650793650794,-0.0159977921687789,0.00160008153778944
2022-06-24,-0.00358550058413569,0.0000793650793650794,0.0075563923581355,0.00397668092116854
2022-06-27,0.0000358590924761735,0.0000793650793650794,-0.00171793501741384,-0.00157549435982038
2022-06-28,-0.00947493301108326,0.0000793650793650794,-0.00358464557649035,0.00580704910152104
2022-06-29,-0.0227146147369839,0.0000793650793650794,0.00143954573648741,-0.00333998851829458
2022-06-30,-0.00286211316287123,0.0000793650793650794,-0.00308736378122162,0.00800582861339841
2022-07-01,0.00594774828792619,0.0000793650793650794,0.00460083703456228,0.00328117209607589
2022-07-04,0.00650230357438073,0.0000793650793650794,-0.00227050332617759,-0.00144610143271498
2022-07-05,0.000133240803244361,0.0000793650793650794,0.00427880662252343,-0.00850260727960012
2022-07-06,-0.00135887455875527,0.0000793650793650794,-0.00116771418794414,-0.00159219778752504
2022-07-07,0.0157106045387485,0.0000793650793650794,-0.00489185739448977,-0.00139039169276267
2022-07-08,0.0175122519168714,0.0000793650793650794,0.00368607981766942,0.00577980923533333
2022-07-11,-0.00745182608835563,0.0000793650793650794,0.0122080181234023,0.00150494429559519
2022-07-12,-0.00484717871714066,0.0000793650793650794,-0.0049624632574496,-0.0072844621282979
2022-07-13,0.00501081828917288,0.0000793650793650794,-0.00220368072252666,0.00109074908446191
2022-07-14,-0.00440507738884744,0.0000793650793650794,-0.00584693766148869,-0.00377123093799302
2022-07-15,-0.00159131350931094,0.0000793650793650794,0.00795993994725192,-0.00680357240892556
2022-07-18,0.0093089119951675,0.0000793650793650794,0.000636373583604874,0.0036761470529172
2022-07-19,-0.0101395367713823,0.0000793650793650794,-0.0116354932778574,0.00240682286300136
2022-07-20,-0.00336741644245482,0.0000793650793650794,-0.0109838745866366,-0.00160009089688937
2022-07-21,0.00854630635737132,0.0000793650793650794,0.00469582632214229,0.00574988672211496
2022-07-22,0.00191019788734006,0.0000793650793650794,0.00149581077786334,-0.00124882148105384
2022-07-25,0.0099247568642748,0.0000793650793650794,-0.00994963346747193,-0.00674153757886168
2022-07-26,0.00838144256914536,0.0000793650793650794,-0.0060206740020346,0.00364380836428997
2022-07-27,-0.00258455352081761,0.0000793650793650794,0.00199172869000776,-0.00270000331430618
2022-07-28,0.0136185263919982,0.0000793650793650794,0.000223782930118115,0.000549246266591844
2022-07-29,-0.00797441092109557,0.0000793650793650794,-0.00933080406584551,-0.00369296718994483
2022-08-01,-0.00832028228333407,0.0000793650793650794,0.00376261418995537,-0.00521783899495871
2022-08-02,-0.021751133896457,0.0000793650793650794,-0.00212842187271198,0.00176573050109814
2022-08-03,0.0156383821433935,0.0000793650793650794,0.00622085158167556,-0.00359474812250607
2022-08-04,-0.00294078068222951,0.0000793650793650794,0.00225174639641045,-0.00216628839900389
2022-08-05,-0.00285187071835148,0.0000793650793650794,0.00591403741298965,0.00289632761224704
2022-08-08,-0.0046445330636636,0.0000793650793650794,-0.00981989055552004,-0.0102495153071167
2022-08-09,0.000708566855875219,0.0000793650793650794,0.00373306434350712,-0.00374887069810072
2022-08-10,-0.00839491713983761,0.0000793650793650794,0.00525661873550979,0.00611824259294557
2022-08-11,-0.0110552438190804,0.0000793650793650794,0.00262085542531865,-0.0000215445523571915
2022-08-12,0.00812999656932186,0.0000793650793650794,-0.00557792139862257,-0.00673273476144064
2022-08-15,0.00286376265195335,0.0000793650793650794,-0.0002388311082658,-0.000197675120099726
2022-08-16,-0.00641075743702698,0.0000793650793650794,-0.00958514471039712,0.000181972435791087
2022-08-17,0.00442982036401135,0.0000793650793650794,-0.0028586511891984,-0.00310348113120786
2022-08-18,-0.00283448364655797,0.0000793650793650794,-0.0037409831681821,-0.00274135242496762
2022-08-19,0.00442654018349384,0.0000793650793650794,0.00172589478204802,-0.000156099337415921
2022-08-22,0.0128851482781852,0.0000793650793650794,0.0108197555222007,0.00335897148136994
2022-08-23,-0.00854553287255847,0.0000793650793650794,0.00168323171102206,-0.00336563206817502
2022-08-24,0.00531314425651561,0.0000793650793650794,-0.0020893199176791,0.00286491310464567
2022-08-25,0.00220589278900886,0.0000793650793650794,0.00461845510353143,-0.00746986261183084
2022-08-26,0.00968511514936672,0.0000793650793650794,0.00383383296167604,0.00796342687883114
2022-08-29,-0.00439488986900773,0.0000793650793650794,0.00124374073951965,0.00308434598344004
2022-08-30,0.0136011325174204,0.0000793650793650794,-0.00328609017474854,-0.00249039243204973
2022-08-31,-0.0138125651419679,0.0000793650793650794,0.00291562084566982,-0.00041437820143639
2022-09-01,0.0111330450904132,0.0000793650793650794,0.00345341433833412,-0.00493015328231921
2022-09-02,0.00371445096749788,0.0000793650793650794,0.00145932339997974,-0.00373163145109296
2022-09-05,-0.00701798507279996,0.0000793650793650794,0.00961537083731691,0.00119007405810588
2022-09-06,-0.0173295426402914,0.0000793650793650794,0.0115306487424937,-0.00825810384179546
2022-09-07,-0.00341196834583487,0.0000793650793650794,-0.00494597633921555,0.0027089968899642
2022-09-08,0.00428520071770506,0.0000793650793650794,0.00200713704254879,0.00334553223165748
2022-09-09,-0.00150548439549014,0.0000793650793650794,-0.00616194086627459,0.000488975505961684
2022-09-12,-0.0000784568458172473,0.0000793650793650794,-0.00272344671736361,-0.00315299854875835
2022-09-13,-0.0133522959426809,0.0000793650793650794,-0.00217266479511058,0.00253454806255564
2022-09-14,0.00309825762913804,0.0000793650793650794,-0.000704225959816157,-0.00081317399272255
2022-09-15,0.00633258410183692,0.0000793650793650794,0.00879070635032634,0.00710310005034397
2022-09-16,0.00148270161129217,0.0000793650793650794,-0.00415070710288627,0.00201341659871154
2022-09-19,-0.00831084992373649,0.0000793650793650794,0.00257213878061122,0.00743978277479115
2022-09-20,0.0066767994124843,0.0000793650793650794,0.00393565538313879,-0.0024379721822812
2022-09-21,0.0087081146397081,0.0000793650793650794,0.00121007756858762,0.00461222128995108
2022-09-22,-0.00848239511861943,0.0000793650793650794,0.00279958403280818,0.00387739662903353
2022-09-23,-0.0214050634836478,0.0000793650793650794,-0.00325209254506132,0.00254921262829706
2022-09-26,0.00780917789856365,0.0000793650793650794,-0.00229196308202471,0.00708867077003402
2022-09-27,0.00216749127265612,0.0000793650793650794,-0.00340243160857012,0.00471324225848804
2022-09-28,0.000258726104191007,0.0000793650793650794,-0.0109621866398574,0.00440281054464536
2022-09-29,-0.0139768065863101,0.0000793650793650794,0.00312993547427416,0.005507792303419
2022-09-30,-0.00596640679316658,0.0000793650793650794,-0.00207730841445939,-0.00286906149379957
2022-10-03,0.00774521160699021,0.0000793650793650794,-0.000881519168848251,0.00275405095031178
2022-10-04,0.00703677595688854,0.0000793650793650794,0.00332629581779459,0.00507240582713647
2022-10-05,0.0109411550952205,0.0000793650793650794,0.000249417580862511,-0.00748835511377768
2022-10-06,0.00737705412354577,0.0000793650793650794,-0.000557251464418295,0.00499233179250756
2022-10-07,0.00868752874014236,0.0000793650793650794,-0.00264575685949102,-0.00430920163777809
2022-10-10,-0.0156003303635125,0.0000793650793650794,0.00807931126889884,-0.00589667826662741
2022-10-11,0.00127029032041916,0.0000793650793650794,0.000697552966666938,-0.000411045011375171
2022-10-12,0.00211978598769748,0.0000793650793650794,0.000597918487128445,-0.00685946458921524
2022-10-13,0.0204038868549815,0.0000793650793650794,0.00489932877669337,-0.00309760654885386
2022-10-14,-0.006199779584825,0.0000793650793650794,0.00189692173966099,0.00339021587155878
2022-10-17,-0.0084543615309431,0.0000793650793650794,-0.00440106309713512,0.000332940946628134
2022-10-18,-0.00244009498230185,0.0000793650793650794,-0.00203226486023276,0.00514033987433294
2022-10-19,-0.00799937425106279,0.0000793650793650794,-0.00388562579844335,0.00110417967181429
2022-10-20,0.00354060543099554,0.0000793650793650794,-0.00841751013882408,-0.00684457098169637
2022-10-21,-0.00533515463800316,0.0000793650793650794,-0.000834912800509773,-0.00459820008617468
2022-10-24,-0.00818153513967724,0.0000793650793650794,0.00296974114558043,0.000639145278564724
2022-10-25,0.0228867035871296,0.0000793650793650794,-0.00259079570374586,-0.00170885074766091
2022-10-26,0.00374531734831655,0.0000793650793650794,0.0022059918180382,0.00362800881563603
2022-10-27,0.00308433512424516,0.0000793650793650794,0.00377800432524728,0.000603595851323357
2022-10-28,0.002214168758685,0.0000793650793650794,-0.00056480430088673,-0.00443810905395416
2022-10-31,0.00327218474517334,0.0000793650793650794,-0.00237312693855615,-0.00219523492455869
2022-11-01,-0.0150785273937139,0.0000793650793650794,-0.00351060965179967,0.00407515382000172
2022-11-02,0.00898742790240765,0.0000793650793650794,-0.0013968551791898,-0.00378164832131283
2022-11-03,-0.00025762911885186,0.0000793650793650794,0.00782104874611279,-0.00600126341230705
2022-11-04,-0.0119512179731837,0.0000793650793650794,0.000455468047842875,0.00226065625223669
2022-11-07,0.0032590766124867,0.0000793650793650794,-0.00231093990512271,0.000730955071698977
2022-11-08,-0.000071270252020252,0.0000793650793650794,-0.00225219375913952,-0.0031869123276333
2022-11-09,-0.00958243996869492,0.0000793650793650794,0.000365483077053966,-0.000184745940198115
2022-11-10,-0.00991129684041612,0.0000793650793650794,0.000656765045143054,0.00061450697933892
2022-11-11,0.00857601172660917,0.0000793650793650794,0.00672818199446198,-0.00306649765747365
2022-11-14,0.00461481914617992,0.0000793650793650794,-0.00211680736036171,0.0014590133293548
2022-11-15,0.00414446097890662,0.0000793650793650794,0.00488471141884011,-0.00277407587863332
2022-11-16,0.00282018016540579,0.0000793650793650794,-0.003154902025227,-0.00137262460823757
2022-11-17,-0.00788780576278799,0.0000793650793650794,0.00109875590500503,0.0029713973517364
2022-11-18,0.0114499816466917,0.0000793650793650794,-0.00172836242545612,-0.00114215083184455
2022-11-21,-0.00190209731195084,0.0000793650793650794,0.00502952522102651,-0.00667953470271904
2022-11-22,0.00895862934161505,0.0000793650793650794,0.00698657899833639,-0.00105756016582133
2022-11-23,-0.0101973687940447,0.0000793650793650794,0.00767680540376619,-0.00679981758510508
2022-11-24,-0.00847437843305322,0.0000793650793650794,0.00342264123776184,-0.00210733125464224
2022-11-25,-0.00262375281360031,0.0000793650793650794,-0.00252676283175879,-0.00254806318737783
2022-11-28,-0.00209802949705486,0.0000793650793650794,-0.000621165460638947,0.0126980791371203
2022-11-29,0.0101288997037594,0.0000793650793650794,0.00150667372589413,0.0019648223594939
2022-11-30,0.00353772529662151,0.0000793650793650794,-0.0104368357342062,0.00176806463492696
2022-12-01,0.00395595556899076,0.0000793650793650794,0.00710198531346551,0.0008007927329708
2022-12-02,-0.000982399465723712,0.0000793650793650794,-0.00534489673659603,-0.0021167808476728
2022-12-05,-0.00818977740233973,0.0000793650793650794,-0.00229675948501071,-0.0107086754194818
2022-12-06,0.00885772699808044,0.0000793650793650794,0.00665833054774591,0.00725084772518842
2022-12-07,0.00436360927270486,0.0000793650793650794,0.00204888138848872,-0.00206500154671364
2022-12-08,0.0106112194560861,0.0000793650793650794,0.00236168252110508,-0.00344816725494137
2022-12-09,-0.00605055049414555,0.0000793650793650794,-0.00374849314663496,-0.00251987588037638
2022-12-12,0.0230817051637591,0.0000793650793650794,-0.00800845782012162,0.0042998498474676
2022-12-13,0.0041772824017569,0.0000793650793650794,-0.00395723662790152,0.00298275941600915
2022-12-14,-0.00123720280215657,0.0000793650793650794,0.00251005273820156,0.00528634321420754
2022-12-15,0.0108564369361088,0.0000793650793650794,0.00358597635260469,0.00111787656522931
2022-12-16,-0.0131023987071754,0.0000793650793650794,0.000216775953084549,-0.000460024982192742
2022-12-19,-0.00949372864318673,0.0000793650793650794,-0.00197072173222087,-0.00100093835029142
2022-12-20,-0.000896967334947773,0.0000793650793650794,0.00190002412703983,-0.0062286971988849
2022-12-21,-0.00600113507778508,0.0000793650793650794,-0.00311213976285763,0.00103838186137036
2022-12-22,-0.000173650431125871,0.0000793650793650794,0.00255693603003695,-0.00134949751016099
2022-12-23,0.0193858288450938,0.0000793650793650794,-0.00550686528315971,-0.00153186068020375
2022-12-26,-0.00992213173472197,0.0000793650793650794,0.00930707799783738,0.00421076904279813
2022-12-27,-0.00780505004908949,0.0000793650793650794,-0.0135249456119217,0.00484485389415517
2022-12-28,-0.00316073885076287,0.0000793650793650794,0.00708968908183759,0.00981477948888732
2022-12-29,-0.00829746092764266,0.0000793650793650794,-0.00327654749058003,0.00185970934701702
2022-12-30,0.00061769212032603,0.0000793650793650794,0.00626141523711087,-0.000379399233011989
2023-01-02,0.00493954718836007,0.0000793650793650794,-0.00730143716086665,-0.0036333258966087
2023-01-03,0.011170057108142,0.0000793650793650794,-0.0016536743839667,-0.000133346413173959
2023-01-04,0.00511686169439909,0.0000793650793650794,0.00105408895263494,0.00688238898562417
2023-01-05,-0.0158018766401051,0.0000793650793650794,-0.00504749632111121,-0.000945006494643531
2023-01-06,-0.00703174795854792,0.0000793650793650794,-0.00267388323085531,0.00683479456530228
2023-01-09,0.00537414419837907,0.0000793650793650794,0.0024752913744297,-0.000891027198182356
2023-01-10,-0.00297483773062025,0.0000793650793650794,0.00274247024891071,0.000841320732491521
2023-01-11,-0.00305446657955179,0.0000793650793650794,-0.00613871307109474,0.00992368153543554
2023-01-12,-0.0191321079221987,0.0000793650793650794,-0.00503306322180234,0.000108659369549729
2023-01-13,0.00832163137770367,0.0000793650793650794,0.00103583600804919,-0.00581082069381417
2023-01-16,0.00491391474900114,0.0000793650793650794,0.00708700590169572,-0.00269457122966779
2023-01-17,0.00729108944688865,0.0000793650793650794,0.00373544698277628,-0.00422766533892141
2023-01-18,0.00102875598166987,0.0000793650793650794,-0.00759716536174263,0.000359347396432007
2023-01-19,0.00303456383157258,0.0000793650793650794,-0.00360035369662158,-0.00228915801130604
2023-01-20,0.000732483951460762,0.0000793650793650794,-0.00919106017198067,0.0015121577546266
2023-01-23,0.0156265473515496,0.0000793650793650794,0.00392197932176496,0.00649528605149495
2023-01-24,0.00366434624923092,0.0000793650793650794,-0.00435526074763546,-0.00390517424804705
2023-01-25,-0.0107476304236628,0.0000793650793650794,-0.0000543315650826584,-0.0040334979909828
2023-01-26,0.0186746361728115,0.0000793650793650794,0.00304570779107879,-0.00102559804948306
2023-01-27,0.00820663480137879,0.0000793650793650794,-0.000665258240293867,0.0035312669596481
2023-01-30,0.0137045049504349,0.0000793650793650794,-0.00424765531440032,0.00150410849401473
2023-01-31,-0.0160181840122878,0.0000793650793650794,0.000575693625871129,0.000417803553814546
2023-02-01,-0.000722353532245353,0.0000793650793650794,-0.00665668577006002,0.00628699771099827
2023-02-02,0.00496789076528872,0.0000793650793650794,0.0118722913586585,-0.00107456399275258
2023-02-03,0.00221041809577753,0.0000793650793650794,-0.0124791820865583,0.00739408754433113
2023-02-06,0.00818219578640355,0.0000793650793650794,0.0110183807703094,-0.00604238588104894
2023-02-07,0.0196849163978194,0.0000793650793650794,0.00285698463534586,0.00112424491477616
2023-02-08,-0.00315411451423607,0.0000793650793650794,-0.00291872618609468,0.00361717386128016
2023-02-09,-0.0199544192508307,0.0000793650793650794,0.00137430178811209,0.00455462971051195
2023-02-10,0.00791617458630677,0.0000793650793650794,-0.000241445979805079,-0.00580935257476931
2023-02-13,-0.00631717060994627,0.0000793650793650794,0.0112623432088862,-0.00250541328616846
2023-02-14,0.00758978250776757,0.0000793650793650794,0.0110399111109203,-0.00772830230390763
2023-02-15,-0.0117992877642702,0.0000793650793650794,0.00383422507322986,-0.000956246361246419
2023-02-16,0.0190436230771001,0.0000793650793650794,-0.00142095871896439,-0.00200108600173384
2023-02-17,0.00434466061275275,0.0000793650793650794,0.000758226462706763,0.00394988692147643
2023-02-20,-0.00287290306307571,0.0000793650793650794,-0.0039055304332152,0.00166168490896982
2023-02-21,-0.00516742709030032,0.0000793650793650794,-0.00478699181623662,-0.00118446527660912
2023-02-22,0.00655738357578371,0.0000793650793650794,-0.00152170558975545,0.00544888695698219
2023-02-23,0.00338406914618313,0.0000793650793650794,0.00765439326701798,-0.000577185846874925
2023-02-24,-0.0121871164599786,0.0000793650793650794,-0.00239152968322346,0.00526291150217791
2023-02-27,0.000993197409794176,0.0000793650793650794,0.00137982144262958,0.00266644306578047
2023-02-28,-0.00146654861474995,0.0000793650793650794,0.00646389927967579,0.00264545510397115
2023-03-01,0.00821069952433335,0.0000793650793650794,0.00212005353290387,0.00362688149032379
2023-03-02,0.0100446025641311,0.0000793650793650794,0.00263882626885292,-0.00248239783717755
2023-03-03,0.0035615596257397,0.0000793650793650794,-0.00326914991071786,-0.00564630514730658
2023-03-06,-0.00817008850003946,0.0000793650793650794,0.000608377763369926,0.00324097714756796
2023-03-07,0.00657169058568154,0.0000793650793650794,-0.00493431527364727,-0.00520399201297346
2023-03-08,0.00999393550344949,0.0000793650793650794,-0.00377797231124304,-0.00361444720715437
2023-03-09,-0.0179981620647774,0.0000793650793650794,-0.00580494979220022,-0.000874973858595346
2023-03-10,0.00526558320879497,0.0000793650793650794,-0.00221400761809786,0.0022583519887237
2023-03-13,0.002807934688902,0.0000793650793650794,0.00167473892019787,0.00243702556708633
2023-03-14,-0.00803341315323742,0.0000793650793650794,-0.000503292840726148,-0.00734408347515065
2023-03-15,-0.00738097053500572,0.0000793650793650794,-0.00487768421480249,0.000976586438672264
2023-03-16,0.00332722792059238,0.0000793650793650794,-0.00486608312810537,-0.00708544733529962
2023-03-17,-0.00162500779739131,0.0000793650793650794,-0.00670393263232764,0.00900244107780714
2023-03-20,0.00089904171498892,0.0000793650793650794,0.00207051201027204,-0.00377203541517099
2023-03-21,-0.00384689136280303,0.0000793650793650794,0.00137081214912541,0.00674755782478478
2023-03-22,0.00399601654795577,0.0000793650793650794,-0.00706981475259626,-0.00135524770573343
2023-03-23,-0.0126276575228156,0.0000793650793650794,-0.00840965286594533,0.00248285436608865
2023-03-24,0.0129245588463551,0.0000793650793650794,-0.000350430569745564,-0.00321088434742959
2023-03-27,-0.00492958677215758,0.0000793650793650794,-0.0023015451464415,0.000466375532755414
2023-03-28,0.00626214526444573,0.0000793650793650794,-0.00603572851738715,0.00243226956835913
2023-03-29,0.00700345113832992,0.0000793650793650794,0.005202206090643,0.00611176734182155
2023-03-30,-0.00408481909736747,0.0000793650793650794,-0.000331025060929373,-0.00250830397567156
2023-03-31,0.00992315608312181,0.0000793650793650794,-0.0000992888926840671,-0.00625706698391593
2023-04-03,-0.0050306232401381,0.0000793650793650794,0.00307778111689067,-0.00490232799529356
2023-04-04,0.00553789861323494,0.0000793650793650794,0.00210191484959801,0.000503868660456457
2023-04-05,-0.0015433357696443,0.0000793650793650794,-0.00163977438713593,0.00103732328425841
2023-04-06,-0.0136312200991321,0.0000793650793650794,-0.00567228151050101,-0.00110114603533011
2023-04-07,-0.00226995556888537,0.0000793650793650794,0.00591134152558358,0.000199068862038543
2023-04-10,0.0104612475160844,0.0000793650793650794,-0.00855392901656101,-0.00124279089980295
2023-04-11,-0.0055650684407895,0.0000793650793650794,0.00689724522202302,-0.00168574179152107
2023-04-12,-0.00490774319271169,0.0000793650793650794,-0.00270502664578764,0.00898483118045148
2023-04-13,0.00142352498515053,0.0000793650793650794,0.0103773339586666,0.00034662949196997
2023-04-14,0.00296793484049322,0.0000793650793650794,-0.0010238025150637,0.00489405550190216
2023-04-17,-0.00354613376670676,0.0000793650793650794,-0.00275708492760168,0.0104729312796468
2023-04-18,-0.00747646275835003,0.0000793650793650794,0.000205984333865984,-0.00530152390901572
2023-04-19,-0.0105928807177345,0.0000793650793650794,0.00658523815512898,-0.000551035288698634
2023-04-20,-0.0138343854383398,0.0000793650793650794,-0.00904825101705191,-0.0000106759380215572
2023-04-21,-0.00825759159674614,0.0000793650793650794,-0.00153994397310335,0.00482363780073754
2023-04-24,0.00233760200596404,0.0000793650793650794,0.00147280597292694,-0.00131379630279209
2023-04-25,0.00334147894745164,0.0000793650793650794,0.000738854085583235,0.00125714226923829
2023-04-26,-0.00392485900334992,0.0000793650793650794,0.000579757659875559,0.000725861014816142
2023-04-27,-0.0105073621103349,0.0000793650793650794,-0.0016166592428164,0.00149913636814716
2023-04-28,0.00818397986902344,0.0000793650793650794,-0.00570183361948804,-0.00257010079073035
2023-05-01,0.000526181223889007,0.0000793650793650794,0.0143065974543159,0.0103018132745796
2023-05-02,0.0145637130439696,0.0000793650793650794,-0.00725693472416984,-0.00456276204888897
2023-05-03,-0.0131630855174156,0.0000793650793650794,0.00491872010109993,-0.00123898849202326
2023-05-04,-0.00403530446912476,0.0000793650793650794,-0.00553920663542659,0.00166497218877003
2023-05-05,0.00913080399573825,0.0000793650793650794,-0.00999446328424015,0.00172612228280196
2023-05-08,0.00867876200697905,0.0000793650793650794,0.000753612484789101,-0.00467654762413641
2023-05-09,-0.00600565186510143,0.0000793650793650794,0.0105448404609671,-0.000600689565491656
2023-05-10,0.00262007698542352,0.0000793650793650794,0.003145953364182,-0.00559648847218541
2023-05-11,-0.00036925439605492,0.0000793650793650794,-0.00818822771079953,0.00366935685473222
2023-05-12,0.00191057090455474,0.0000793650793650794,-0.00329237857008657,-0.00367850218269947
2023-05-15,0.00628819948423228,0.0000793650793650794,-0.00375154132955642,-0.00450477424655055
2023-05-16,-0.00649831645481208,0.0000793650793650794,-0.00572565947762297,-0.0000233401554455982
2023-05-17,0.00648483964893862,0.0000793650793650794,0.00513806638460749,-0.00502453192632409
2023-05-18,-0.0013765596136042,0.0000793650793650794,0.0123902021091572,0.00085116589610164
2023-05-19,-0.0151367299278417,0.0000793650793650794,-0.00726658182159802,-0.00222247851787871
2023-05-22,-0.00847518344791354,0.0000793650793650794,0.00411132222680914,-0.00251324035617388
2023-05-23,-0.0174928795927682,0.0000793650793650794,-0.00533223996824764,-0.00638000581361607
2023-05-24,-0.000710492737878185,0.0000793650793650794,0.00547153366257438,-0.00990580197809025
2023-05-25,-0.00427502415727761,0.0000793650793650794,0.00110298091164679,0.0044411816469874
2023-05-26,-0.00874095318411781,0.0000793650793650794,-0.0014161979526874,0.00704207037830409
2023-05-29,0.00148238478546623,0.0000793650793650794,0.00355025376716781,0.00502599898599577
2023-05-30,0.0173930238997946,0.0000793650793650794,0.0110523843323105,-0.000326135592078572
2023-05-31,-0.0138504301873061,0.0000793650793650794,0.0070603328781071,0.000589086338654204
2023-06-01,0.0000491863643338835,0.0000793650793650794,-0.000982990400761113,0.0014183902381695
2023-06-02,0.00250954511668849,0.0000793650793650794,0.0037769228490978,-0.00134856441344413
2023-06-05,0.0184101551591769,0.0000793650793650794,-0.00547050435098728,0.00197061580662592
2023-06-06,0.000662774975929778,0.0000793650793650794,0.00215090012073075,0.00331946717433549
2023-06-07,0.0113115815945287,0.0000793650793650794,0.00480274855791627,0.00379044615841284
2023-06-08,-0.0129588404171349,0.0000793650793650794,0.00229529761452161,0.0046617153378641
2023-06-09,0.0143195261143826,0.0000793650793650794,-0.00298227697258912,-0.00168466546516172
2023-06-12,-0.00357613968196577,0.0000793650793650794,-0.000225431036193721,0.00133841102574796
2023-06-13,0.00177477305051348,0.0000793650793650794,-0.00290759297388788,-0.000424890619892691
2023-06-14,-0.0146396741161006,0.0000793650793650794,0.00221431618563101,-0.00514834594487258
2023-06-15,-0.00367603602391553,0.0000793650793650794,-0.00155115344771906,-0.00363223944019981
2023-06-16,0.0127524327128277,0.0000793650793650794,-0.00111414884041244,-0.001135742994716
2023-06-19,0.0160225222649936,0.0000793650793650794,-0.00316293396346033,0.00106636983359673
2023-06-20,-0.0154103609282056,0.0000793650793650794,0.00533595099575984,0.00489727723582912
2023-06-21,0.00438546702723334,0.0000793650793650794,0.00168697960732351,0.0032861021073029
2023-06-22,0.0129861726443016,0.0000793650793650794,-0.00476822831827261,-0.00499106716904807
2023-06-23,0.00412915358277086,0.0000793650793650794,0.00125586787068456,0.00240510005543345
2023-06-26,-0.00222502327425191,0.0000793650793650794,-0.00274074351773917,-0.0036350088645162
2023-06-27,-0.000247635086044618,0.0000793650793650794,0.000516180088015323,0.00360137955098919
2023-06-28,0.00264646558290658,0.0000793650793650794,0.00933008252569836,-0.00381548605578438
2023-06-29,0.00808745050700298,0.0000793650793650794,-0.00520496902642562,-0.00496356685765162
2023-06-30,0.00968891498095567,0.0000793650793650794,0.00109991893563712,0.000326200383206895
2023-07-03,0.00557379626821397,0.0000793650793650794,-0.00711897453234375,-0.00325230764579906
2023-07-04,-0.0101714425287999,0.0000793650793650794,0.00308008705015176,0.00425913863520726
2023-07-05,0.00786996128765967,0.0000793650793650794,-0.0072078158995704,-0.00419607687398378
2023-07-06,-0.0116347547169908,0.0000793650793650794,-0.00850882411426955,0.00206403730066965
2023-07-07,-0.00211930229408295,0.0000793650793650794,0.00278606478900383,0.00394298793767345
2023-07-10,0.00784638398216361,0.0000793650793650794,-0.00375255558563937,-0.00140662791192824
2023-07-11,0.00476341735492381,0.0000793650793650794,-0.00985466472861069,0.00180699691388699
2023-07-12,0.00764928458061178,0.0000793650793650794,-0.00662231725469666,-0.00237428871492373
2023-07-13,-0.00657939618673843,0.0000793650793650794,0.00537766446749696,-0.00454598107300847
2023-07-14,0.00521554819415504,0.0000793650793650794,0.000879175470925079,-0.00933988712508725
2023-07-17,0.0235761482300555,0.0000793650793650794,0.00103962399642852,-0.00370638903852354
2023-07-18,-0.0131434269800656,0.0000793650793650794,0.004466013829411,0.00158068640597171
2023-07-19,-0.00209730446150824,0.0000793650793650794,0.000993049583291314,0.000296685602197565
2023-07-20,0.00195699103897728,0.0000793650793650794,-0.0159064128235446,-0.00422597333441216
2023-07-21,-0.000997583910379905,0.0000793650793650794,0.0000984159735211818,-0.000310218014073587
2023-07-24,-0.00985967875270971,0.0000793650793650794,-0.00697085702353385,-0.00966412096850628
2023-07-25,0.000857625004859424,0.0000793650793650794,-0.00466617942586994,0.00323807951393087
2023-07-26,0.0128145787667416,0.0000793650793650794,-0.00814520440734336,-0.00347899941317698
2023-07-27,0.0158814416579732,0.0000793650793650794,0.00184548819554727,-0.000500309767374109
2023-07-28,-0.0156840795154154,0.0000793650793650794,0.011428281925149,0.00164460647513816
2023-07-31,-0.00430185114041299,0.0000793650793650794,0.00243272434790889,-0.00340174122018707
2023-08-01,-0.00128917196235738,0.0000793650793650794,0.00966076110351296,0.00586620428483361
2023-08-02,-0.00941560760882829,0.0000793650793650794,-0.00116064511366031,0.00122751417283884
2023-08-03,-0.00464944755480919,0.0000793650793650794,-0.00268722528316942,0.00171872333120021
2023-08-04,-0.00698861569374908,0.0000793650793650794,0.00393050951687774,0.00324150825899196
2023-08-07,-0.00568114692193122,0.0000793650793650794,-0.00626186455112403,0.0036846916444968
2023-08-08,-0.0222632800095189,0.0000793650793650794,-0.00662082477417305,0.00217923153277877
2023-08-09,-0.000563316196876956,0.0000793650793650794,-0.0148411658666032,0.00947838009421209
2023-08-10,-0.0101457708785841,0.0000793650793650794,-0.0111285908857035,-0.00241237704543564
2023-08-11,0.0171297418247244,0.0000793650793650794,-0.00220827086214284,0.006243358507
2023-08-14,0.00287372323802747,0.0000793650793650794,0.00062322064244748,-0.0054153445919303
2023-08-15,-0.0116872978620944,0.0000793650793650794,-0.00174998616339619,-0.00203201840430537
2023-08-16,-0.00186714652132529,0.0000793650793650794,-0.00951749651260427,-0.00191324452967592
2023-08-17,-0.00358479281307767,0.0000793650793650794,-0.00577022170982505,-0.00359268112892629
2023-08-18,0.0112784306617377,0.0000793650793650794,-0.00394591737187135,0.000433098094983457
2023-08-21,0.00221083323755928,0.0000793650793650794,0.00449701139096969,0.00259951825043735
2023-08-22,0.000936327783659064,0.0000793650793650794,0.0015801999953834,-0.00328189357096803
2023-08-23,0.00721150650174666,0.0000793650793650794,-0.00413493637581489,0.00143904611423033
2023-08-24,0.0013004772253528,0.0000793650793650794,-0.00807285271753558,0.00253329971375193
2023-08-25,0.00489356439502172,0.0000793650793650794,-0.000832160600439778,0.000391263675462142
2023-08-28,0.0228677281332372,0.0000793650793650794,-0.0088819596094649,-0.00320473502379997
2023-08-29,-0.0103628945430835,0.0000793650793650794,-0.00333442007609731,-0.00440917261346932
2023-08-30,-0.00141683815810202,0.0000793650793650794,-0.00153982534793004,-0.00340662805028936
2023-08-31,-0.00677229074664112,0.0000793650793650794,0.00611262707642336,0.00207767269219201
2023-09-01,0.00295835732621157,0.0000793650793650794,0.00447931131319744,0.00712926245318292
2023-09-04,0.00345183982230028,0.0000793650793650794,0.00101952531518951,-0.00240010804086472
2023-09-05,-0.00805430443580369,0.0000793650793650794,-0.00107999206114801,0.0058881152748883
2023-09-06,-0.0126445618398101,0.0000793650793650794,-0.00244003160967694,-0.00415018844833743
2023-09-07,-0.00819041012840845,0.0000793650793650794,0.00301026156855101,-0.00228579737515479
2023-09-08,0.0150108480098961,0.0000793650793650794,-0.00697050106761798,-0.000307156441739609
2023-09-11,0.012007456713916,0.0000793650793650794,-0.00177081835555723,-0.00171988952189689
2023-09-12,0.00364420481182657,0.0000793650793650794,0.00615524788971236,0.000713380606358168
2023-09-13,0.00744937779436043,0.0000793650793650794,-0.00406702914007509,0.00333968536466824
2023-09-14,-0.010715566819105,0.0000793650793650794,-0.007633360908275,0.00418660302734078
2023-09-15,0.0142267037281755,0.0000793650793650794,0.00000456577009528345,0.00304998415102847
2023-09-18,-0.00619102819663287,0.0000793650793650794,0.00147578952252265,-0.0060220747011989
2023-09-19,0.00308406902494996,0.0000793650793650794,0.00853268782935635,-0.00236283764624779
2023-09-20,-0.00566406031776376,0.0000793650793650794,-0.00453748020092347,-0.00141353767235169
2023-09-21,-0.0103984251220948,0.0000793650793650794,-0.00263306905149054,0.00277311164646456
2023-09-22,0.00741454259349287,0.0000793650793650794,0.00620004277751154,-0.0062634911398901
2023-09-25,-0.0141164525206523,0.0000793650793650794,-0.00133950909594356,-0.00271158930740417
2023-09-26,0.000616416446471301,0.0000793650793650794,0.00152118174693486,0.00266086399364412
2023-09-27,-0.00803272453163681,0.0000793650793650794,0.00235151727840496,0.00382098016722796
2023-09-28,-0.00739309304404772,0.0000793650793650794,0.00643096087174248,0.00116401788269475
2023-09-29,0.00339851270052909,0.0000793650793650794,0.00458488630014969,0.00673809593832711
2023-10-02,-0.00752522201283492,0.0000793650793650794,-0.000204863323149554,-0.00965665944831576
2023-10-03,0.0129118786868384,0.0000793650793650794,-0.00644581403357608,0.000919590534482165
2023-10-04,0.00802089691644967,0.0000793650793650794,-0.000396486849730596,-0.000272178316538365
2023-10-05,0.0271945146935175,0.0000793650793650794,0.00369947401159573,-0.00400694021588951
2023-10-06,-0.00992993587455811,0.0000793650793650794,0.0063838011514184,-0.00224006185236546
2023-10-09,0.00501564787184967,0.0000793650793650794,0.00332566408552976,0.000962272108734418
2023-10-10,0.0161710216726609,0.0000793650793650794,-0.00761345177297468,0.00485576605807547
2023-10-11,0.0041964882497743,0.0000793650793650794,0.000631115558426827,0.00100943394065611
2023-10-12,-0.00822096227316927,0.0000793650793650794,-0.00565691059000431,0.00260965641876954
2023-10-13,-0.0147883181727407,0.0000793650793650794,-0.00238712617708133,-0.00371557057984011
2023-10-16,-0.00267140562196188,0.0000793650793650794,-0.00549236397234892,-0.0017787758036265
2023-10-17,0.0190725647713176,0.0000793650793650794,0.00853721183210815,-0.00015736874169507
2023-10-18,0.0147514163008761,0.0000793650793650794,-0.000920514797999516,0.000572320228640837
2023-10-19,-0.0230001008784823,0.0000793650793650794,0.00930713110350098,0.00211679991550732
2023-10-20,-0.00351695666505573,0.0000793650793650794,-0.00871023533132218,-0.000742233953272004
2023-10-23,0.000212703943859203,0.0000793650793650794,-0.00391728710647531,0.00306670023448497
2023-10-24,-0.00650135101418621,0.0000793650793650794,0.00397635271155417,0.0010572920639284
2023-10-25,0.00959552983048528,0.0000793650793650794,-0.00266135004995508,-0.00542328910531521
2023-10-26,-0.0258996324666931,0.0000793650793650794,0.00992902171369449,0.00143628619328677
2023-10-27,-0.00212494851587675,0.0000793650793650794,-0.003259002077522,-0.00683301135778532
2023-10-30,-0.0122250131267633,0.0000793650793650794,-0.0107848103423581,-0.0025437131094209
2023-10-31,-0.00620358873703458,0.0000793650793650794,-0.000460137484623684,0.00116173339263627
2023-11-01,0.00168468476869717,0.0000793650793650794,-0.00198700058499329,-0.00521517693083915
2023-11-02,-0.0021714926684995,0.0000793650793650794,-0.000691636512854334,-0.000456402397310696
2023-11-03,-0.00242651553926204,0.0000793650793650794,-0.00412882499618926,-0.000371848340094992
2023-11-06,0.000966617966630018,0.0000793650793650794,-0.00342830832248417,-0.000490242505789499
2023-11-07,-0.0182407834718467,0.0000793650793650794,-0.00396357234291455,-0.00353324308527385
2023-11-08,-0.00828102295001727,0.0000793650793650794,-0.00203502076130937,0.00240067787760522
2023-11-09,-0.0090711648765105,0.0000793650793650794,-0.0057433530572949,0.00286853746253182
2023-11-10,0.0119683164310534,0.0000793650793650794,0.0055788023277336,-0.00156349912989732
2023-11-13,0.00293922900509529,0.0000793650793650794,-0.00439728389085002,0.00171157006834477
2023-11-14,0.00737709160034673,0.0000793650793650794,0.00639661468765807,-0.00334842093718521
2023-11-15,-0.00718812331941584,0.0000793650793650794,-0.0072713862742358,0.0000902394701339727
2023-11-16,-0.00191665011364335,0.0000793650793650794,0.0042111438459676,0.00304024338994282
2023-11-17,0.00621708745590159,0.0000793650793650794,-0.00301607503906366,0.000982853328352434
2023-11-20,-0.00361881239915987,0.0000793650793650794,0.000657775136712694,0.000565565387406718
2023-11-21,-0.00346581850610629,0.0000793650793650794,0.00382222278339793,0.00536230930269919
2023-11-22,-0.00142796346492704,0.0000793650793650794,-0.00458567583295962,-0.00299642254966416
2023-11-23,0.0132098331280474,0.0000793650793650794,0.00118697257571485,0.00310633815027793
2023-11-24,-0.0130638490520101,0.0000793650793650794,-0.000223445333060296,0.000912726427318842
2023-11-27,0.0102355641767856,0.0000793650793650794,-0.00559275151781241,-0.00294560195751818
2023-11-28,0.00590897656751323,0.0000793650793650794,0.00288352511412003,-0.000281709924543947
2023-11-29,-0.00977387312303703,0.0000793650793650794,-0.0115087110502192,-0.00150450635898851
2023-11-30,0.0040449855618745,0.0000793650793650794,0.00772005692094743,0.00265289227432789
2023-12-01,-0.00350938719553552,0.0000793650793650794,0.00598160619484728,0.00164278353576024
2023-12-04,0.0122657543443588,0.0000793650793650794,-0.00100838439932295,-0.00732739605407084
2023-12-05,-0.00105865419052697,0.0000793650793650794,-0.00216135789926315,0.00659369528545082
2023-12-06,0.00240015847284823,0.0000793650793650794,0.0017347432194515,-0.00853167173778518
2023-12-07,0.00902049980788504,0.0000793650793650794,-0.00242688966889625,0.00274802466723346
